https://www.byui.edu,http://www.byui.edu/,http://www.byui.edu/about/,http://www.byui.edu/about/academics/,http://www.byui.edu/about/student-life/,http://www.byui.edu/contact-us/,http://www.byui.edu/feedback/,http://www.byui.edu/,http://www.byui.edu/,http://www.byui.edu/students/,http://www.byui.edu/future-students/,http://www.byui.edu/parents/,http://www.byui.edu/employees/,http://www.byui.edu/alumni/,http://www.byui.edu/visitors/,http://www.byui.edu/directories/,http://www.byui.edu/ask/live-chat/,http://m.byui.edu/,https://web.byui.edu/services/login,https://www.byui.edu,https://www.byui.edu,http://www.byui.edu/newsroom,http://calendar.byui.edu/,http://www.byui.edu/students/,http://www.byui.edu/future-students/,http://www.byui.edu/parents/,http://www.byui.edu/employees/,http://www.byui.edu/alumni/,http://www.byui.edu/visitors/,http://www.byui.edu/directories/,http://www.byui.edu/ask/live-chat/,http://m.byui.edu/,https://web.byui.edu/services/login,http://www.byui.edu/directories/,http://www.byui.edu/ask/live-chat/,http://m.byui.edu/,https://web.byui.edu/services/login,http://www.byui.edu/directories/colleges-and-departments/,http://activities.byui.edu/,http://www.byui.edu/admissions/,http://web.byui.edu/BulletinBoard2/,http://www.byui.edu/catalog/,http://web.byui.edu/directory/student/schedule/,http://www.byui.edu/community-connections/,http://www.byui.edu/continuing-education/,http://www.byui.edu/devotionals/default.htm,http://www.byui.edu/employment/,http://www.byui.edu/financial-aid/,http://www.byui.edu/food-services/,http://www.byui.edu/giving/,http://www.byui.edu/housing/,https://ilearn.byui.edu/,http://www.lib.byui.edu/,http://www.byui.edu/online/,http://www.byui.edu/student-records/,http://activities.byui.edu/,http://www.byui.edu/webcameras/,http://www.byui.edu/student-honor-office/ecclesiastical-endorsement,http://www.byui.edu/registration/registration-schedule/,https://web.byui.edu/Services/Login/,http://www.byui.edu/catalog/,http://www.byui.edu/admissions/current-students/deferments-time-off/,https://www.byui.edu,http://calendar.byui.edu/,http://www.byui.edu/academic-discovery-center/,https://www.byui.edu,http://www.byui.edu/Disabilities/,http://www.byui.edu/help-desk/,http://www.byui.edu/international/,http://www.byui.edu/maps/,http://www.byui.edu/scheduling-office/,http://beta.byui.edu/academic-technology-services/student-technology-center/,https://web.byui.edu/services/login,http://web.byui.edu/directory/student/schedule/,https://web.byui.edu/services/login,http://owa.byui.edu/,http://www.byui.edu/financial-aid/,http://www.lib.byui.edu/,http://www.byui.edu/financial-aid/new-freshmen/scholarships/,https://web.byui.edu/services/login,https://ilearn.byui.edu/,http://web.byui.edu/PhysicalFacilities/LockerRentals/LockerRental.aspx,http://my.byui.edu/,http://www.byui.edu/online/,http://www.byui.edu/testing-services,https://www.byui.edu,http://www.byui.edu/academic-support-centers/,http://activities.byui.edu/,https://www.byui.edu,http://www.byui.edu/bulletinboard/,http://www.byui.edu/admissions/visit-campus/,http://web.byui.edu/BulletinBoard2/Rides.aspx,http://www.byui.edu/dean-of-students/,http://www.byui.edu/counseling-center/,http://www.byui.edu/devotionals/,http://www.byui.edu/event-management/,http://www.byui.edu/food-services/,http://www.byui.edu/health-center/,http://www.byui.edu/StudentHonor/,http://www.byui.edu/housing/,http://www.byui.edu/financial-services/my-account/i-card/,http://www.byui.edu/food-services/prices-and-plans/,http://www.byui.edu/ParkingServices/,http://www.byui.edu/security/,https://www.byui.edu,http://www.byui.edu/human-resources/seeking-employment/student-employment/,http://www.byui.edu/tickets/,http://www.byui.edu/copyright/policy/terms-of-use/,http://www.byui.edu/disabilities/,http://www.byui.edu/legal,http://www.byui.edu/feedback/
http://www.byui.edu/,http://www.byui.edu/,http://www.byui.edu/about/,http://www.byui.edu/about/academics/,http://www.byui.edu/about/student-life/,http://www.byui.edu/contact-us/,http://www.byui.edu/feedback/,http://www.byui.edu/,http://www.byui.edu/,http://www.byui.edu/students/,http://www.byui.edu/future-students/,http://www.byui.edu/parents/,http://www.byui.edu/employees/,http://www.byui.edu/alumni/,http://www.byui.edu/visitors/,http://www.byui.edu/directories/,http://www.byui.edu/ask/live-chat/,http://m.byui.edu/,https://web.byui.edu/services/login,https://www.byui.edu,https://www.byui.edu,http://www.byui.edu/newsroom,http://calendar.byui.edu/,http://www.byui.edu/students/,http://www.byui.edu/future-students/,http://www.byui.edu/parents/,http://www.byui.edu/employees/,http://www.byui.edu/alumni/,http://www.byui.edu/visitors/,http://www.byui.edu/directories/,http://www.byui.edu/ask/live-chat/,http://m.byui.edu/,https://web.byui.edu/services/login,http://www.byui.edu/directories/,http://www.byui.edu/ask/live-chat/,http://m.byui.edu/,https://web.byui.edu/services/login,http://www.byui.edu/directories/colleges-and-departments/,http://activities.byui.edu/,http://www.byui.edu/admissions/,http://web.byui.edu/BulletinBoard2/,http://www.byui.edu/catalog/,http://web.byui.edu/directory/student/schedule/,http://www.byui.edu/community-connections/,http://www.byui.edu/continuing-education/,http://www.byui.edu/devotionals/default.htm,http://www.byui.edu/employment/,http://www.byui.edu/financial-aid/,http://www.byui.edu/food-services/,http://www.byui.edu/giving/,http://www.byui.edu/housing/,https://ilearn.byui.edu/,http://www.lib.byui.edu/,http://www.byui.edu/online/,http://www.byui.edu/student-records/,http://activities.byui.edu/,http://www.byui.edu/webcameras/,http://www.byui.edu/student-honor-office/ecclesiastical-endorsement,http://www.byui.edu/registration/registration-schedule/,https://web.byui.edu/Services/Login/,http://www.byui.edu/catalog/,http://www.byui.edu/admissions/current-students/deferments-time-off/,https://www.byui.edu,http://calendar.byui.edu/,http://www.byui.edu/academic-discovery-center/,https://www.byui.edu,http://www.byui.edu/Disabilities/,http://www.byui.edu/help-desk/,http://www.byui.edu/international/,http://www.byui.edu/maps/,http://www.byui.edu/scheduling-office/,http://beta.byui.edu/academic-technology-services/student-technology-center/,https://web.byui.edu/services/login,http://web.byui.edu/directory/student/schedule/,https://web.byui.edu/services/login,http://owa.byui.edu/,http://www.byui.edu/financial-aid/,http://www.lib.byui.edu/,http://www.byui.edu/financial-aid/new-freshmen/scholarships/,https://web.byui.edu/services/login,https://ilearn.byui.edu/,http://web.byui.edu/PhysicalFacilities/LockerRentals/LockerRental.aspx,http://my.byui.edu/,http://www.byui.edu/online/,http://www.byui.edu/testing-services,https://www.byui.edu,http://www.byui.edu/academic-support-centers/,http://activities.byui.edu/,https://www.byui.edu,http://www.byui.edu/bulletinboard/,http://www.byui.edu/admissions/visit-campus/,http://web.byui.edu/BulletinBoard2/Rides.aspx,http://www.byui.edu/dean-of-students/,http://www.byui.edu/counseling-center/,http://www.byui.edu/devotionals/,http://www.byui.edu/event-management/,http://www.byui.edu/food-services/,http://www.byui.edu/health-center/,http://www.byui.edu/StudentHonor/,http://www.byui.edu/housing/,http://www.byui.edu/financial-services/my-account/i-card/,http://www.byui.edu/food-services/prices-and-plans/,http://www.byui.edu/ParkingServices/,http://www.byui.edu/security/,https://www.byui.edu,http://www.byui.edu/human-resources/seeking-employment/student-employment/,http://www.byui.edu/tickets/,http://www.byui.edu/copyright/policy/terms-of-use/,http://www.byui.edu/disabilities/,http://www.byui.edu/legal,http://www.byui.edu/feedback/
http://www.byui.edu/about/,http://www.byui.edu/,http://www.byui.edu/about/,http://www.byui.edu/about/academics/,http://www.byui.edu/about/student-life/,http://www.byui.edu/contact-us/,http://www.byui.edu/feedback/,http://www.byui.edu/,http://www.byui.edu/,http://www.byui.edu/students/,http://www.byui.edu/future-students/,http://www.byui.edu/parents/,http://www.byui.edu/employees/,http://www.byui.edu/alumni/,http://www.byui.edu/visitors/,http://www.byui.edu/directories/,http://www.byui.edu/ask/live-chat/,http://m.byui.edu/,https://web.byui.edu/services/login,https://www.byui.edu,https://www.byui.edu,http://www.byui.edu/students/,http://www.byui.edu/future-students/,http://www.byui.edu/parents/,http://www.byui.edu/employees/,http://www.byui.edu/alumni/,http://www.byui.edu/visitors/,http://www.byui.edu/directories/,http://www.byui.edu/ask/live-chat/,http://m.byui.edu/,https://web.byui.edu/services/login,http://www.byui.edu/directories/,http://www.byui.edu/ask/live-chat/,http://m.byui.edu/,https://web.byui.edu/services/login,http://www.byui.edu/directories/colleges-and-departments/,http://activities.byui.edu/,http://www.byui.edu/admissions/,http://web.byui.edu/BulletinBoard2/,http://www.byui.edu/catalog/,http://web.byui.edu/directory/student/schedule/,http://www.byui.edu/community-connections/,http://www.byui.edu/continuing-education/,http://www.byui.edu/devotionals/default.htm,http://www.byui.edu/employment/,http://www.byui.edu/financial-aid/,http://www.byui.edu/food-services/,http://www.byui.edu/giving/,http://www.byui.edu/housing/,https://ilearn.byui.edu/,http://www.lib.byui.edu/,http://www.byui.edu/online/,http://www.byui.edu/student-records/,http://activities.byui.edu/,http://www.byui.edu/webcameras/,http://www.byui.edu/student-honor-office/ecclesiastical-endorsement,http://www.byui.edu/registration/registration-schedule/,https://web.byui.edu/Services/Login/,http://www.byui.edu/catalog/,http://www.byui.edu/admissions/current-students/deferments-time-off/,https://www.byui.edu,http://calendar.byui.edu/,http://www.byui.edu/academic-discovery-center/,https://www.byui.edu,http://www.byui.edu/Disabilities/,http://www.byui.edu/help-desk/,http://www.byui.edu/international/,http://www.byui.edu/maps/,http://www.byui.edu/scheduling-office/,http://beta.byui.edu/academic-technology-services/student-technology-center/,https://web.byui.edu/services/login,http://web.byui.edu/directory/student/schedule/,https://web.byui.edu/services/login,http://owa.byui.edu/,http://www.byui.edu/financial-aid/,http://www.lib.byui.edu/,http://www.byui.edu/financial-aid/new-freshmen/scholarships/,https://web.byui.edu/services/login,https://ilearn.byui.edu/,http://web.byui.edu/PhysicalFacilities/LockerRentals/LockerRental.aspx,http://my.byui.edu/,http://www.byui.edu/online/,http://www.byui.edu/testing-services,https://www.byui.edu,http://www.byui.edu/academic-support-centers/,http://activities.byui.edu/,https://www.byui.edu,http://www.byui.edu/bulletinboard/,http://www.byui.edu/admissions/visit-campus/,http://web.byui.edu/BulletinBoard2/Rides.aspx,http://www.byui.edu/dean-of-students/,http://www.byui.edu/counseling-center/,http://www.byui.edu/devotionals/,http://www.byui.edu/event-management/,http://www.byui.edu/food-services/,http://www.byui.edu/health-center/,http://www.byui.edu/StudentHonor/,http://www.byui.edu/housing/,http://www.byui.edu/financial-services/my-account/i-card/,http://www.byui.edu/food-services/prices-and-plans/,http://www.byui.edu/ParkingServices/,http://www.byui.edu/security/,https://www.byui.edu,http://www.byui.edu/human-resources/seeking-employment/student-employment/,http://www.byui.edu/tickets/,http://www.byui.edu/copyright/policy/terms-of-use/,http://www.byui.edu/disabilities/,http://www.byui.edu/legal,http://www.byui.edu/feedback/
http://www.byui.edu/about/academics/,http://www.byui.edu/,http://www.byui.edu/about/,http://www.byui.edu/about/academics/,http://www.byui.edu/about/student-life/,http://www.byui.edu/contact-us/,http://www.byui.edu/feedback/,http://www.byui.edu/,http://www.byui.edu/,http://www.byui.edu/students/,http://www.byui.edu/future-students/,http://www.byui.edu/parents/,http://www.byui.edu/employees/,http://www.byui.edu/alumni/,http://www.byui.edu/visitors/,http://www.byui.edu/directories/,http://www.byui.edu/ask/live-chat/,http://m.byui.edu/,https://web.byui.edu/services/login,http://www2.byui.edu/devotionals/,http://www2.byui.edu/devotionals/,http://www.byui.edu/StudySkills/skills/preparation.htm,http://www.byui.edu/students/,http://www.byui.edu/future-students/,http://www.byui.edu/parents/,http://www.byui.edu/employees/,http://www.byui.edu/alumni/,http://www.byui.edu/visitors/,http://www.byui.edu/directories/,http://www.byui.edu/ask/live-chat/,http://m.byui.edu/,https://web.byui.edu/services/login,http://www.byui.edu/directories/,http://www.byui.edu/ask/live-chat/,http://m.byui.edu/,https://web.byui.edu/services/login,http://www.byui.edu/directories/colleges-and-departments/,http://activities.byui.edu/,http://www.byui.edu/admissions/,http://web.byui.edu/BulletinBoard2/,http://www.byui.edu/catalog/,http://web.byui.edu/directory/student/schedule/,http://www.byui.edu/community-connections/,http://www.byui.edu/continuing-education/,http://www.byui.edu/devotionals/default.htm,http://www.byui.edu/employment/,http://www.byui.edu/financial-aid/,http://www.byui.edu/food-services/,http://www.byui.edu/giving/,http://www.byui.edu/housing/,https://ilearn.byui.edu/,http://www.lib.byui.edu/,http://www.byui.edu/online/,http://www.byui.edu/student-records/,http://activities.byui.edu/,http://www.byui.edu/webcameras/,http://www.byui.edu/student-honor-office/ecclesiastical-endorsement,http://www.byui.edu/registration/registration-schedule/,https://web.byui.edu/Services/Login/,http://www.byui.edu/catalog/,http://www.byui.edu/admissions/current-students/deferments-time-off/,https://www.byui.edu,http://calendar.byui.edu/,http://www.byui.edu/academic-discovery-center/,https://www.byui.edu,http://www.byui.edu/Disabilities/,http://www.byui.edu/help-desk/,http://www.byui.edu/international/,http://www.byui.edu/maps/,http://www.byui.edu/scheduling-office/,http://beta.byui.edu/academic-technology-services/student-technology-center/,https://web.byui.edu/services/login,http://web.byui.edu/directory/student/schedule/,https://web.byui.edu/services/login,http://owa.byui.edu/,http://www.byui.edu/financial-aid/,http://www.lib.byui.edu/,http://www.byui.edu/financial-aid/new-freshmen/scholarships/,https://web.byui.edu/services/login,https://ilearn.byui.edu/,http://web.byui.edu/PhysicalFacilities/LockerRentals/LockerRental.aspx,http://my.byui.edu/,http://www.byui.edu/online/,http://www.byui.edu/testing-services,https://www.byui.edu,http://www.byui.edu/academic-support-centers/,http://activities.byui.edu/,https://www.byui.edu,http://www.byui.edu/bulletinboard/,http://www.byui.edu/admissions/visit-campus/,http://web.byui.edu/BulletinBoard2/Rides.aspx,http://www.byui.edu/dean-of-students/,http://www.byui.edu/counseling-center/,http://www.byui.edu/devotionals/,http://www.byui.edu/event-management/,http://www.byui.edu/food-services/,http://www.byui.edu/health-center/,http://www.byui.edu/StudentHonor/,http://www.byui.edu/housing/,http://www.byui.edu/financial-services/my-account/i-card/,http://www.byui.edu/food-services/prices-and-plans/,http://www.byui.edu/ParkingServices/,http://www.byui.edu/security/,https://www.byui.edu,http://www.byui.edu/human-resources/seeking-employment/student-employment/,http://www.byui.edu/tickets/,http://www.byui.edu/copyright/policy/terms-of-use/,http://www.byui.edu/disabilities/,http://www.byui.edu/legal,http://www.byui.edu/feedback/
http://www.byui.edu/about/student-life/,http://www.byui.edu/,http://www.byui.edu/about/,http://www.byui.edu/about/academics/,http://www.byui.edu/about/student-life/,http://www.byui.edu/contact-us/,http://www.byui.edu/feedback/,http://www.byui.edu/,http://www.byui.edu/,http://www.byui.edu/students/,http://www.byui.edu/future-students/,http://www.byui.edu/parents/,http://www.byui.edu/employees/,http://www.byui.edu/alumni/,http://www.byui.edu/visitors/,http://www.byui.edu/directories/,http://www.byui.edu/ask/live-chat/,http://m.byui.edu/,https://web.byui.edu/services/login,http://www2.byui.edu/devotionals/,http://www2.byui.edu/devotionals/,http://www.byui.edu/nursing,https://www.byui.edu,http://www.byui.edu/students/,http://www.byui.edu/future-students/,http://www.byui.edu/parents/,http://www.byui.edu/employees/,http://www.byui.edu/alumni/,http://www.byui.edu/visitors/,http://www.byui.edu/directories/,http://www.byui.edu/ask/live-chat/,http://m.byui.edu/,https://web.byui.edu/services/login,http://www.byui.edu/directories/,http://www.byui.edu/ask/live-chat/,http://m.byui.edu/,https://web.byui.edu/services/login,http://www.byui.edu/directories/colleges-and-departments/,http://activities.byui.edu/,http://www.byui.edu/admissions/,http://web.byui.edu/BulletinBoard2/,http://www.byui.edu/catalog/,http://web.byui.edu/directory/student/schedule/,http://www.byui.edu/community-connections/,http://www.byui.edu/continuing-education/,http://www.byui.edu/devotionals/default.htm,http://www.byui.edu/employment/,http://www.byui.edu/financial-aid/,http://www.byui.edu/food-services/,http://www.byui.edu/giving/,http://www.byui.edu/housing/,https://ilearn.byui.edu/,http://www.lib.byui.edu/,http://www.byui.edu/online/,http://www.byui.edu/student-records/,http://activities.byui.edu/,http://www.byui.edu/webcameras/,http://www.byui.edu/student-honor-office/ecclesiastical-endorsement,http://www.byui.edu/registration/registration-schedule/,https://web.byui.edu/Services/Login/,http://www.byui.edu/catalog/,http://www.byui.edu/admissions/current-students/deferments-time-off/,https://www.byui.edu,http://calendar.byui.edu/,http://www.byui.edu/academic-discovery-center/,https://www.byui.edu,http://www.byui.edu/Disabilities/,http://www.byui.edu/help-desk/,http://www.byui.edu/international/,http://www.byui.edu/maps/,http://www.byui.edu/scheduling-office/,http://beta.byui.edu/academic-technology-services/student-technology-center/,https://web.byui.edu/services/login,http://web.byui.edu/directory/student/schedule/,https://web.byui.edu/services/login,http://owa.byui.edu/,http://www.byui.edu/financial-aid/,http://www.lib.byui.edu/,http://www.byui.edu/financial-aid/new-freshmen/scholarships/,https://web.byui.edu/services/login,https://ilearn.byui.edu/,http://web.byui.edu/PhysicalFacilities/LockerRentals/LockerRental.aspx,http://my.byui.edu/,http://www.byui.edu/online/,http://www.byui.edu/testing-services,https://www.byui.edu,http://www.byui.edu/academic-support-centers/,http://activities.byui.edu/,https://www.byui.edu,http://www.byui.edu/bulletinboard/,http://www.byui.edu/admissions/visit-campus/,http://web.byui.edu/BulletinBoard2/Rides.aspx,http://www.byui.edu/dean-of-students/,http://www.byui.edu/counseling-center/,http://www.byui.edu/devotionals/,http://www.byui.edu/event-management/,http://www.byui.edu/food-services/,http://www.byui.edu/health-center/,http://www.byui.edu/StudentHonor/,http://www.byui.edu/housing/,http://www.byui.edu/financial-services/my-account/i-card/,http://www.byui.edu/food-services/prices-and-plans/,http://www.byui.edu/ParkingServices/,http://www.byui.edu/security/,https://www.byui.edu,http://www.byui.edu/human-resources/seeking-employment/student-employment/,http://www.byui.edu/tickets/,http://www.byui.edu/copyright/policy/terms-of-use/,http://www.byui.edu/disabilities/,http://www.byui.edu/legal,http://www.byui.edu/feedback/
http://www.byui.edu/contact-us/,http://www.byui.edu/,http://www.byui.edu/about/,http://www.byui.edu/about/academics/,http://www.byui.edu/about/student-life/,http://www.byui.edu/contact-us/,http://www.byui.edu/feedback/,http://www.byui.edu/,http://www.byui.edu/,http://www.byui.edu/students/,http://www.byui.edu/future-students/,http://www.byui.edu/parents/,http://www.byui.edu/employees/,http://www.byui.edu/alumni/,http://www.byui.edu/visitors/,http://www.byui.edu/directories/,http://www.byui.edu/ask/live-chat/,http://m.byui.edu/,https://web.byui.edu/services/login,http://www2.byui.edu/devotionals/,http://www2.byui.edu/devotionals/,https://www.byui.edu,http://www.byui.edu/Admissions/,https://www.byui.edu,http://web.byui.edu/directory/employees/,http://www.byui.edu/helpdesk/,http://www.byui.edu/student-support/ask-byui,http://www2.byui.edu/IR/main.htm,http://www.byui.edu/universitycommunications/,https://dep.byui.edu/WardsAndStakes/UnitInfo/,http://www.byui.edu/AcademicOffice/,http://www.byui.edu/FinancialAid/,http://www.byui.edu/HR/,http://www.byui.edu/bursar/,http://www2.byui.edu/RegistrarsOffice/,http://www.byui.edu/President/,http://www.byui.edu/Tickets/,http://www.byui.edu/universityrelations/default.htm,http://www.byui.edu/students/,http://www.byui.edu/future-students/,http://www.byui.edu/parents/,http://www.byui.edu/employees/,http://www.byui.edu/alumni/,http://www.byui.edu/visitors/,http://www.byui.edu/directories/,http://www.byui.edu/ask/live-chat/,http://m.byui.edu/,https://web.byui.edu/services/login,http://www.byui.edu/directories/,http://www.byui.edu/ask/live-chat/,http://m.byui.edu/,https://web.byui.edu/services/login,http://www.byui.edu/directories/colleges-and-departments/,http://activities.byui.edu/,http://www.byui.edu/admissions/,http://web.byui.edu/BulletinBoard2/,http://www.byui.edu/catalog/,http://web.byui.edu/directory/student/schedule/,http://www.byui.edu/community-connections/,http://www.byui.edu/continuing-education/,http://www.byui.edu/devotionals/default.htm,http://www.byui.edu/employment/,http://www.byui.edu/financial-aid/,http://www.byui.edu/food-services/,http://www.byui.edu/giving/,http://www.byui.edu/housing/,https://ilearn.byui.edu/,http://www.lib.byui.edu/,http://www.byui.edu/online/,http://www.byui.edu/student-records/,http://activities.byui.edu/,http://www.byui.edu/webcameras/,http://www.byui.edu/student-honor-office/ecclesiastical-endorsement,http://www.byui.edu/registration/registration-schedule/,https://web.byui.edu/Services/Login/,http://www.byui.edu/catalog/,http://www.byui.edu/admissions/current-students/deferments-time-off/,https://www.byui.edu,http://calendar.byui.edu/,http://www.byui.edu/academic-discovery-center/,https://www.byui.edu,http://www.byui.edu/Disabilities/,http://www.byui.edu/help-desk/,http://www.byui.edu/international/,http://www.byui.edu/maps/,http://www.byui.edu/scheduling-office/,http://beta.byui.edu/academic-technology-services/student-technology-center/,https://web.byui.edu/services/login,http://web.byui.edu/directory/student/schedule/,https://web.byui.edu/services/login,http://owa.byui.edu/,http://www.byui.edu/financial-aid/,http://www.lib.byui.edu/,http://www.byui.edu/financial-aid/new-freshmen/scholarships/,https://web.byui.edu/services/login,https://ilearn.byui.edu/,http://web.byui.edu/PhysicalFacilities/LockerRentals/LockerRental.aspx,http://my.byui.edu/,http://www.byui.edu/online/,http://www.byui.edu/testing-services,https://www.byui.edu,http://www.byui.edu/academic-support-centers/,http://activities.byui.edu/,https://www.byui.edu,http://www.byui.edu/bulletinboard/,http://www.byui.edu/admissions/visit-campus/,http://web.byui.edu/BulletinBoard2/Rides.aspx,http://www.byui.edu/dean-of-students/,http://www.byui.edu/counseling-center/,http://www.byui.edu/devotionals/,http://www.byui.edu/event-management/,http://www.byui.edu/food-services/,http://www.byui.edu/health-center/,http://www.byui.edu/StudentHonor/,http://www.byui.edu/housing/,http://www.byui.edu/financial-services/my-account/i-card/,http://www.byui.edu/food-services/prices-and-plans/,http://www.byui.edu/ParkingServices/,http://www.byui.edu/security/,https://www.byui.edu,http://www.byui.edu/human-resources/seeking-employment/student-employment/,http://www.byui.edu/tickets/,http://www.byui.edu/copyright/policy/terms-of-use/,http://www.byui.edu/disabilities/,http://www.byui.edu/legal,http://www.byui.edu/feedback/
http://www.byui.edu/feedback/,http://www.byui.edu/,http://www.byui.edu/feedback/,http://www.byui.edu/students/
http://www.byui.edu/students/,https://web.byui.edu/services/login
http://www.byui.edu/future-students/,http://www.byui.edu/,http://www.byui.edu/feedback/
http://www.byui.edu/parents/,http://www.byui.edu/,http://www.byui.edu/feedback/
http://www.byui.edu/employees/,https://web.byui.edu/services/login
http://www.byui.edu/alumni/,http://beta.byui.edu/,http://www.byui.edu/about/,http://www.byui.edu/about/academics/,http://www.byui.edu/about/student-life/,http://www.byui.edu/contact-us/,http://beta.byui.edu,http://beta.byui.edu/,http://www.byui.edu/students/,http://www.byui.edu/future-students/,http://www.byui.edu/parents/,http://www.byui.edu/employees/,http://www.byui.edu/alumni/,http://www.byui.edu/visitors/,http://www.byui.edu/site-index/,http://m.byui.edu/,https://my.byui.edu/,https://www.byui.edu,https://www.byui.edu,https://www.byui.edu,https://www.byui.edu,http://www.byui.edu/upward,https://www.byui.edu,http://www.byui.edu/transcripts/ordering-transcripts,http://www2.byui.edu/HonorOutreach/FA.pdf,https://www.byui.edu,https://www.byui.edu,https://www.byui.edu,https://www.byui.edu,https://www.byui.edu,https://www.byui.edu,https://video.byui.edu/media/BYU-Idaho+Alumni+ProfileA+Stuart+Draper/0_xnskhfi4/16379292,https://www.byui.edu,https://www.byui.edu,https://www.byui.edu,https://video.byui.edu/media/Made+Holy+in+the+Body/0_yhlj7gbd/16379282,https://www.byui.edu,http://www.byui.edu/students/,http://www.byui.edu/future-students/,http://www.byui.edu/parents/,http://www.byui.edu/employees/,http://www.byui.edu/alumni/,http://www.byui.edu/visitors/,http://www.byui.edu/site-index/,http://www.byui.edu/ask/live-chat/,http://m.byui.edu/,https://my.byui.edu/,http://www.byui.edu/site-index/,http://m.byui.edu/,https://my.byui.edu/,http://beta.byui.edu/directories/colleges-and-departments/,http://beta.byui.edu/activities/,http://www.byui.edu/Admissions/,http://web.byui.edu/BulletinBoard2/,http://www.byui.edu/catalog/,http://web.byui.edu/directory/student/schedule/,http://www.byui.edu/ce/,http://www.byui.edu/devotionals/default.htm,http://www.byui.edu/employment/,http://www.byui.edu/FinancialAid/,http://www.byui.edu/foodservices/,http://www.byui.edu/sle/default.htm,http://beta.byui.edu/housing/,https://my.byui.edu/ICS/,http://www.lib.byui.edu/,http://beta.byui.edu/online/,http://www.byui.edu/registrarsoffice/,http://activities.byui.edu/,http://www.byui.edu/webcameras/,http://www.byui.edu/StudentHonor/Continuing%20Endorsement.htm,http://www.byui.edu/registrarsoffice/RegSchedule.htm,https://secure.byui.edu/cas/login,http://www.byui.edu/catalog/2011-2012/default.htm,http://www.byui.edu/admissions/students/current/meddeferment.shtml,https://www.byui.edu,http://www.byui.edu/CareerServices/,https://www.byui.edu,http://www.byui.edu/Disabilities/,http://www.byui.edu/international/,http://www.byui.edu/maps/,http://www.byui.edu/eventservices/,http://www.byui.edu/stc/,http://www.byui.edu/helpdesk/,http://www.byui.edu/graduation/apply.htm,http://web.byui.edu/directory/student/schedule/,https://my.byui.edu/ICS/Academics/Degree_Information.jnz,http://my.byui.edu/ics/,http://www.byui.edu/FinancialAid/,http://www.byui.edu/financialaid/fa/loans.htm,http://www.byui.edu/financialaid/scholarships/apply.htm,https://my.byui.edu/ICS/Academics/,https://www.byui.edu,http://web.byui.edu/PhysicalFacilities/LockerRentals/LockerRental.aspx,http://www.lib.byui.edu/,http://my.byui.edu/,http://beta.byui.edu/online/,http://testing.byui.edu/,https://www.byui.edu,http://beta.byui.edu/academic-support-centers/study-skills-tutoring-center/,http://activities.byui.edu/,https://www.byui.edu,http://www.byui.edu/bulletinboard/,http://www.byui.edu/visitcampus/,http://web.byui.edu/BulletinBoard2/Rides.aspx,http://www.byui.edu/deanofstudents/,http://www.byui.edu/counselingcenter/,http://www.byui.edu/devotionals/default.htm,http://www.byui.edu/eventservices/,http://www.byui.edu/foodservices/,http://beta.byui.edu/health-center/,http://www.byui.edu/StudentHonor/,http://www.byui.edu/housing/,http://www.byui.edu/Bursar/I-CardPolicies.htm,http://www.byui.edu/foodservices/onlinepurchasing/diningdollars/diningdollars.htm,http://www.byui.edu/ParkingServices/,http://www.byui.edu/security/,https://www.byui.edu,http://www.byui.edu/StudentEmployment/,http://www.byui.edu/tickets/,https://www.byui.edu,http://www.byui.edu/copyright/policy/terms-of-use/,http://www.byui.edu/disabilities/,http://m.byui.edu/
http://www.byui.edu/visitors/,http://www.byui.edu/,http://www.byui.edu/feedback/
http://www.byui.edu/directories/,http://www.byui.edu/,http://www.byui.edu/about/,http://www.byui.edu/about/academics/,http://www.byui.edu/about/student-life/,http://www.byui.edu/contact-us/,http://www.byui.edu/feedback/,http://www.byui.edu/,http://www.byui.edu/,http://www.byui.edu/students/,http://www.byui.edu/future-students/,http://www.byui.edu/parents/,http://www.byui.edu/employees/,http://www.byui.edu/alumni/,http://www.byui.edu/visitors/,http://www.byui.edu/directories/,http://www.byui.edu/ask/live-chat/,http://m.byui.edu/,https://web.byui.edu/services/login,http://www.byui.edu/student-honor-office/ces-honor-code,http://www.byui.edu/student-honor-office/ces-honor-code,http://web.byui.edu/directory/employees/,http://web.byui.edu/directory/students/,http://web.byui.edu/Directory/OrgChart,http://web.byui.edu/WardsAndStakes/UnitInfo,http://www2.byui.edu/Maps/,http://www.byui.edu/directories/colleges-and-departments,http://calendar.byui.edu/,http://web.byui.edu/directory/,http://www.byui.edu/contact-us,http://www.byui.edu/students/,http://www.byui.edu/future-students/,http://www.byui.edu/parents/,http://www.byui.edu/employees/,http://www.byui.edu/alumni/,http://www.byui.edu/visitors/,http://www.byui.edu/directories/,http://www.byui.edu/ask/live-chat/,http://m.byui.edu/,https://web.byui.edu/services/login,http://www.byui.edu/directories/,http://www.byui.edu/ask/live-chat/,http://m.byui.edu/,https://web.byui.edu/services/login,http://www.byui.edu/directories/colleges-and-departments/,http://activities.byui.edu/,http://www.byui.edu/admissions/,http://web.byui.edu/BulletinBoard2/,http://www.byui.edu/catalog/,http://web.byui.edu/directory/student/schedule/,http://www.byui.edu/community-connections/,http://www.byui.edu/continuing-education/,http://www.byui.edu/devotionals/default.htm,http://www.byui.edu/employment/,http://www.byui.edu/financial-aid/,http://www.byui.edu/food-services/,http://www.byui.edu/giving/,http://www.byui.edu/housing/,https://ilearn.byui.edu/,http://www.lib.byui.edu/,http://www.byui.edu/online/,http://www.byui.edu/student-records/,http://activities.byui.edu/,http://www.byui.edu/webcameras/,http://www.byui.edu/student-honor-office/ecclesiastical-endorsement,http://www.byui.edu/registration/registration-schedule/,https://web.byui.edu/Services/Login/,http://www.byui.edu/catalog/,http://www.byui.edu/admissions/current-students/deferments-time-off/,https://www.byui.edu,http://calendar.byui.edu/,http://www.byui.edu/academic-discovery-center/,https://www.byui.edu,http://www.byui.edu/Disabilities/,http://www.byui.edu/help-desk/,http://www.byui.edu/international/,http://www.byui.edu/maps/,http://www.byui.edu/scheduling-office/,http://beta.byui.edu/academic-technology-services/student-technology-center/,https://web.byui.edu/services/login,http://web.byui.edu/directory/student/schedule/,https://web.byui.edu/services/login,http://owa.byui.edu/,http://www.byui.edu/financial-aid/,http://www.lib.byui.edu/,http://www.byui.edu/financial-aid/new-freshmen/scholarships/,https://web.byui.edu/services/login,https://ilearn.byui.edu/,http://web.byui.edu/PhysicalFacilities/LockerRentals/LockerRental.aspx,http://my.byui.edu/,http://www.byui.edu/online/,http://www.byui.edu/testing-services,https://www.byui.edu,http://www.byui.edu/academic-support-centers/,http://activities.byui.edu/,https://www.byui.edu,http://www.byui.edu/bulletinboard/,http://www.byui.edu/admissions/visit-campus/,http://web.byui.edu/BulletinBoard2/Rides.aspx,http://www.byui.edu/dean-of-students/,http://www.byui.edu/counseling-center/,http://www.byui.edu/devotionals/,http://www.byui.edu/event-management/,http://www.byui.edu/food-services/,http://www.byui.edu/health-center/,http://www.byui.edu/StudentHonor/,http://www.byui.edu/housing/,http://www.byui.edu/financial-services/my-account/i-card/,http://www.byui.edu/food-services/prices-and-plans/,http://www.byui.edu/ParkingServices/,http://www.byui.edu/security/,https://www.byui.edu,http://www.byui.edu/human-resources/seeking-employment/student-employment/,http://www.byui.edu/tickets/,http://www.byui.edu/copyright/policy/terms-of-use/,http://www.byui.edu/disabilities/,http://www.byui.edu/legal,http://www.byui.edu/feedback/
http://www.byui.edu/ask/live-chat/,https://www.byui.edu
http://m.byui.edu/,http://www.byui.edu/feedback/mobile-tools/,http://www.byui.edu,http://www.byui.edu/directories,http://my.byui.edu,http://www.byui.edu/students,http://www.byui.edu/future-students,http://www.byui.edu/parents,http://www.byui.edu/employees,https://www.byui.edu,http://www.byui.edu/visitors
https://web.byui.edu/services/login,http://www.byui.edu/,http://www.byui.edu/about/,http://www.byui.edu/about/academics/,http://www.byui.edu/about/student-life/,http://www.byui.edu/contact-us/,http://www.byui.edu/,http://www.byui.edu/,http://www.byui.edu/students/,http://www.byui.edu/future-students/,http://www.byui.edu/parents/,http://www.byui.edu/employees/,http://www.byui.edu/alumni/,http://www.byui.edu/visitors/,http://www.byui.edu/directories/,http://www.byui.edu/ask/live-chat/,http://m.byui.edu/,https://web.byui.edu/services/login,https://web.byui.edu/Username/ChangePassword.aspx,https://web.byui.edu/Username/ForgotPassword.aspx,https://web.byui.edu/Username/CreateUsername.aspx,http://www.byui.edu/helpdesk,http://www.byui.edu/students/,http://www.byui.edu/future-students/,http://www.byui.edu/parents/,http://www.byui.edu/employees/,http://www.byui.edu/alumni/,http://www.byui.edu/visitors/,http://www.byui.edu/directories/,http://www.byui.edu/ask/live-chat/,http://m.byui.edu/,https://web.byui.edu/services/login,http://www.byui.edu/directories/,http://www.byui.edu/ask/live-chat/,http://m.byui.edu/,https://web.byui.edu/services/login,http://www.byui.edu/copyright/policy/terms-of-use/,http://www.byui.edu/disabilities/,http://www.byui.edu/feedback/
http://www.byui.edu/newsroom,http://www.byui.edu/,http://www.byui.edu/about/,http://www.byui.edu/about/academics/,http://www.byui.edu/about/student-life/,http://www.byui.edu/contact-us/,http://www.byui.edu/feedback/,http://www.byui.edu/,http://www.byui.edu/,http://www.byui.edu/students/,http://www.byui.edu/future-students/,http://www.byui.edu/parents/,http://www.byui.edu/employees/,http://www.byui.edu/alumni/,http://www.byui.edu/visitors/,http://www.byui.edu/directories/,http://www.byui.edu/ask/live-chat/,http://m.byui.edu/,https://web.byui.edu/services/login,http://www.byui.edu/upward,https://www.byui.edu,https://www.byui.edu,https://www.byui.edu,https://www.byui.edu,http://www.byui.edu/upward/fall-2013,https://www.byui.edu,https://www.byui.edu,https://www.byui.edu,https://www.byui.edu,http://www.byui.edu/students/,http://www.byui.edu/future-students/,http://www.byui.edu/parents/,http://www.byui.edu/employees/,http://www.byui.edu/alumni/,http://www.byui.edu/visitors/,http://www.byui.edu/directories/,http://www.byui.edu/ask/live-chat/,http://m.byui.edu/,https://web.byui.edu/services/login,http://www.byui.edu/directories/,http://www.byui.edu/ask/live-chat/,http://m.byui.edu/,https://web.byui.edu/services/login,http://www.byui.edu/directories/colleges-and-departments/,http://activities.byui.edu/,http://www.byui.edu/admissions/,http://web.byui.edu/BulletinBoard2/,http://www.byui.edu/catalog/,http://web.byui.edu/directory/student/schedule/,http://www.byui.edu/community-connections/,http://www.byui.edu/continuing-education/,http://www.byui.edu/devotionals/default.htm,http://www.byui.edu/employment/,http://www.byui.edu/financial-aid/,http://www.byui.edu/food-services/,http://www.byui.edu/giving/,http://www.byui.edu/housing/,https://ilearn.byui.edu/,http://www.lib.byui.edu/,http://www.byui.edu/online/,http://www.byui.edu/student-records/,http://activities.byui.edu/,http://www.byui.edu/webcameras/,http://www.byui.edu/student-honor-office/ecclesiastical-endorsement,http://www.byui.edu/registration/registration-schedule/,https://web.byui.edu/Services/Login/,http://www.byui.edu/catalog/,http://www.byui.edu/admissions/current-students/deferments-time-off/,https://www.byui.edu,http://calendar.byui.edu/,http://www.byui.edu/academic-discovery-center/,https://www.byui.edu,http://www.byui.edu/Disabilities/,http://www.byui.edu/help-desk/,http://www.byui.edu/international/,http://www.byui.edu/maps/,http://www.byui.edu/scheduling-office/,http://beta.byui.edu/academic-technology-services/student-technology-center/,https://web.byui.edu/services/login,http://web.byui.edu/directory/student/schedule/,https://web.byui.edu/services/login,http://owa.byui.edu/,http://www.byui.edu/financial-aid/,http://www.lib.byui.edu/,http://www.byui.edu/financial-aid/new-freshmen/scholarships/,https://web.byui.edu/services/login,https://ilearn.byui.edu/,http://web.byui.edu/PhysicalFacilities/LockerRentals/LockerRental.aspx,http://my.byui.edu/,http://www.byui.edu/online/,http://www.byui.edu/testing-services,https://www.byui.edu,http://www.byui.edu/academic-support-centers/,http://activities.byui.edu/,https://www.byui.edu,http://www.byui.edu/bulletinboard/,http://www.byui.edu/admissions/visit-campus/,http://web.byui.edu/BulletinBoard2/Rides.aspx,http://www.byui.edu/dean-of-students/,http://www.byui.edu/counseling-center/,http://www.byui.edu/devotionals/,http://www.byui.edu/event-management/,http://www.byui.edu/food-services/,http://www.byui.edu/health-center/,http://www.byui.edu/StudentHonor/,http://www.byui.edu/housing/,http://www.byui.edu/financial-services/my-account/i-card/,http://www.byui.edu/food-services/prices-and-plans/,http://www.byui.edu/ParkingServices/,http://www.byui.edu/security/,https://www.byui.edu,http://www.byui.edu/human-resources/seeking-employment/student-employment/,http://www.byui.edu/tickets/,http://www.byui.edu/copyright/policy/terms-of-use/,http://www.byui.edu/disabilities/,http://www.byui.edu/legal,http://www.byui.edu/feedback/
http://calendar.byui.edu/,http://beta.byui.edu,http://www.byui.edu/aboutbyui/,http://www.byui.edu/AboutBYUI/studyandfaith.htm,http://www.byui.edu/campuslife/,http://www.byui.edu/helpfulcontacts/,http://www.byui.edu,http://www.byui.edu/directories/,https://www.byui.edu,http://m.byui.edu,https://my.byui.edu,http://www.byui.edu/students,http://www.byui.edu/prepare,http://beta.byui.edu/parents,http://beta.byui.edu/employees,https://www.byui.edu,http://beta.byui.edu/vistors,http://www.byui.edu/student-records/academic-deadlines,http://tickets.byui.edu,http://www.byui.edu/scheduling-office,http://scheduling.byui.edu,http://beta.byui.edu/current-students,http://www.byui.edu/prepare,http://beta.byui.edu/parents,http://beta.byui.edu/employees,https://www.byui.edu,http://beta.byui.edu/visitors,http://www.byui.edu/directories/,https://www.byui.edu,http://m.byui.edu,https://my.byui.edu,http://www.byui.edu/copyright/policy/terms-of-use/,http://www.byui.edu/disabilities/,http://www.byui.edu/legal,http://www.byui.edu/feedback/
http://www.byui.edu/directories/colleges-and-departments/,http://www.byui.edu/,http://www.byui.edu/about/,http://www.byui.edu/about/academics/,http://www.byui.edu/about/student-life/,http://www.byui.edu/contact-us/,http://www.byui.edu/feedback/,http://www.byui.edu/,http://www.byui.edu/,http://www.byui.edu/students/,http://www.byui.edu/future-students/,http://www.byui.edu/parents/,http://www.byui.edu/employees/,http://www.byui.edu/alumni/,http://www.byui.edu/visitors/,http://www.byui.edu/directories/,http://www.byui.edu/ask/live-chat/,http://m.byui.edu/,https://web.byui.edu/services/login,http://www2.byui.edu/devotionals/,http://www2.byui.edu/devotionals/,http://www.byui.edu/agriculture-life-sciences,http://www.byui.edu/animal-food-science,http://www.byui.edu/biology/,http://www.byui.edu/health-recreation-human-performance,http://www.byui.edu/applied-plant-science/,http://www.byui.edu/nursing/,http://www.byui.edu/business-communication,http://www.byui.edu/accounting/,http://www.byui.edu/business-management,http://www.byui.edu/communication/,http://www.byui.edu/computer-information-technology,http://www.byui.edu/economics,http://www.byui.edu/education,http://www.byui.edu/home-family,http://www.byui.edu/psychology/,http://www.byui.edu/religious-education,http://www.byui.edu/sociology-social-work,http://www.byui.edu/teacher-education,http://www.byui.edu/language-letters,http://www.byui.edu/academic-support-centers/,http://www.byui.edu/english/,http://www.byui.edu/languages-international-studies,http://www.byui.edu/history-geography-political-science,http://www.byui.edu/humanities-philosophy,http://www.byui.edu/physical-sciences-engineering,http://www.byui.edu/design-construction-management,http://www.byui.edu/chemistry/,http://www.byui.edu/computer-science-electrical-engineering,http://www.byui.edu/geology/,http://www.byui.edu/math/,http://www.byui.edu/mechanical-engineering,http://www.byui.edu/physics/,http://www.byui.edu/automotive-technology/,http://www.byui.edu/design-construction-management/interior-design,http://www.byui.edu/performing-visual-arts,http://www.byui.edu/art/,http://www.byui.edu/dance/,http://www.byui.edu/theatre/,http://www.byui.edu/music/,http://www.byui.edu/faculty-development,http://www.byui.edu/foundations-interdisciplinary-studies,http://www.byui.edu/students/,http://www.byui.edu/future-students/,http://www.byui.edu/parents/,http://www.byui.edu/employees/,http://www.byui.edu/alumni/,http://www.byui.edu/visitors/,http://www.byui.edu/directories/,http://www.byui.edu/ask/live-chat/,http://m.byui.edu/,https://web.byui.edu/services/login,http://www.byui.edu/directories/,http://www.byui.edu/ask/live-chat/,http://m.byui.edu/,https://web.byui.edu/services/login,http://www.byui.edu/directories/colleges-and-departments/,http://activities.byui.edu/,http://www.byui.edu/admissions/,http://web.byui.edu/BulletinBoard2/,http://www.byui.edu/catalog/,http://web.byui.edu/directory/student/schedule/,http://www.byui.edu/community-connections/,http://www.byui.edu/continuing-education/,http://www.byui.edu/devotionals/default.htm,http://www.byui.edu/employment/,http://www.byui.edu/financial-aid/,http://www.byui.edu/food-services/,http://www.byui.edu/giving/,http://www.byui.edu/housing/,https://ilearn.byui.edu/,http://www.lib.byui.edu/,http://www.byui.edu/online/,http://www.byui.edu/student-records/,http://activities.byui.edu/,http://www.byui.edu/webcameras/,http://www.byui.edu/student-honor-office/ecclesiastical-endorsement,http://www.byui.edu/registration/registration-schedule/,https://web.byui.edu/Services/Login/,http://www.byui.edu/catalog/,http://www.byui.edu/admissions/current-students/deferments-time-off/,https://www.byui.edu,http://calendar.byui.edu/,http://www.byui.edu/academic-discovery-center/,https://www.byui.edu,http://www.byui.edu/Disabilities/,http://www.byui.edu/help-desk/,http://www.byui.edu/international/,http://www.byui.edu/maps/,http://www.byui.edu/scheduling-office/,http://beta.byui.edu/academic-technology-services/student-technology-center/,https://web.byui.edu/services/login,http://web.byui.edu/directory/student/schedule/,https://web.byui.edu/services/login,http://owa.byui.edu/,http://www.byui.edu/financial-aid/,http://www.lib.byui.edu/,http://www.byui.edu/financial-aid/new-freshmen/scholarships/,https://web.byui.edu/services/login,https://ilearn.byui.edu/,http://web.byui.edu/PhysicalFacilities/LockerRentals/LockerRental.aspx,http://my.byui.edu/,http://www.byui.edu/online/,http://www.byui.edu/testing-services,https://www.byui.edu,http://www.byui.edu/academic-support-centers/,http://activities.byui.edu/,https://www.byui.edu,http://www.byui.edu/bulletinboard/,http://www.byui.edu/admissions/visit-campus/,http://web.byui.edu/BulletinBoard2/Rides.aspx,http://www.byui.edu/dean-of-students/,http://www.byui.edu/counseling-center/,http://www.byui.edu/devotionals/,http://www.byui.edu/event-management/,http://www.byui.edu/food-services/,http://www.byui.edu/health-center/,http://www.byui.edu/StudentHonor/,http://www.byui.edu/housing/,http://www.byui.edu/financial-services/my-account/i-card/,http://www.byui.edu/food-services/prices-and-plans/,http://www.byui.edu/ParkingServices/,http://www.byui.edu/security/,https://www.byui.edu,http://www.byui.edu/human-resources/seeking-employment/student-employment/,http://www.byui.edu/tickets/,http://www.byui.edu/copyright/policy/terms-of-use/,http://www.byui.edu/disabilities/,http://www.byui.edu/legal,http://www.byui.edu/feedback/
http://activities.byui.edu/,http://www.byui.edu/,http://www.byui.edu/about/,http://www.byui.edu/about/academics/,http://www.byui.edu/about/student-life/,http://www.byui.edu/contact-us/,http://www.byui.edu/feedback/,http://www.byui.edu/,http://www.byui.edu/,http://www.byui.edu/students/,http://www.byui.edu/future-students/,http://www.byui.edu/parents/,http://www.byui.edu/employees/,http://www.byui.edu/alumni/,http://www.byui.edu/visitors/,http://www.byui.edu/directories/,http://www.byui.edu/ask/live-chat/,http://m.byui.edu/,https://web.byui.edu/services/login,http://www2.byui.edu/devotionals/,http://www2.byui.edu/devotionals/,http://calendar.byui.edu/MasterCalendar.aspx,http://www.byui.edu/activities/get-involved/newactivity,http://www.byui.edu/activities/get-involved,http://www.byui.edu/activities/contactus,https://www.byui.edu,http://www.byui.edu/activities/what,http://www.byui.edu/activities/how,http://www.byui.edu/students/,http://www.byui.edu/future-students/,http://www.byui.edu/parents/,http://www.byui.edu/employees/,http://www.byui.edu/alumni/,http://www.byui.edu/visitors/,http://www.byui.edu/directories/,http://www.byui.edu/ask/live-chat/,http://m.byui.edu/,https://web.byui.edu/services/login,http://www.byui.edu/directories/,http://www.byui.edu/ask/live-chat/,http://m.byui.edu/,https://web.byui.edu/services/login,http://www.byui.edu/directories/colleges-and-departments/,http://activities.byui.edu/,http://www.byui.edu/admissions/,http://web.byui.edu/BulletinBoard2/,http://www.byui.edu/catalog/,http://web.byui.edu/directory/student/schedule/,http://www.byui.edu/community-connections/,http://www.byui.edu/continuing-education/,http://www.byui.edu/devotionals/default.htm,http://www.byui.edu/employment/,http://www.byui.edu/financial-aid/,http://www.byui.edu/food-services/,http://www.byui.edu/giving/,http://www.byui.edu/housing/,https://ilearn.byui.edu/,http://www.lib.byui.edu/,http://www.byui.edu/online/,http://www.byui.edu/student-records/,http://activities.byui.edu/,http://www.byui.edu/webcameras/,http://www.byui.edu/student-honor-office/ecclesiastical-endorsement,http://www.byui.edu/registration/registration-schedule/,https://web.byui.edu/Services/Login/,http://www.byui.edu/catalog/,http://www.byui.edu/admissions/current-students/deferments-time-off/,https://www.byui.edu,http://calendar.byui.edu/,http://www.byui.edu/academic-discovery-center/,https://www.byui.edu,http://www.byui.edu/Disabilities/,http://www.byui.edu/help-desk/,http://www.byui.edu/international/,http://www.byui.edu/maps/,http://www.byui.edu/scheduling-office/,http://beta.byui.edu/academic-technology-services/student-technology-center/,https://web.byui.edu/services/login,http://web.byui.edu/directory/student/schedule/,https://web.byui.edu/services/login,http://owa.byui.edu/,http://www.byui.edu/financial-aid/,http://www.lib.byui.edu/,http://www.byui.edu/financial-aid/new-freshmen/scholarships/,https://web.byui.edu/services/login,https://ilearn.byui.edu/,http://web.byui.edu/PhysicalFacilities/LockerRentals/LockerRental.aspx,http://my.byui.edu/,http://www.byui.edu/online/,http://www.byui.edu/testing-services,https://www.byui.edu,http://www.byui.edu/academic-support-centers/,http://activities.byui.edu/,https://www.byui.edu,http://www.byui.edu/bulletinboard/,http://www.byui.edu/admissions/visit-campus/,http://web.byui.edu/BulletinBoard2/Rides.aspx,http://www.byui.edu/dean-of-students/,http://www.byui.edu/counseling-center/,http://www.byui.edu/devotionals/,http://www.byui.edu/event-management/,http://www.byui.edu/food-services/,http://www.byui.edu/health-center/,http://www.byui.edu/StudentHonor/,http://www.byui.edu/housing/,http://www.byui.edu/financial-services/my-account/i-card/,http://www.byui.edu/food-services/prices-and-plans/,http://www.byui.edu/ParkingServices/,http://www.byui.edu/security/,https://www.byui.edu,http://www.byui.edu/human-resources/seeking-employment/student-employment/,http://www.byui.edu/tickets/,http://www.byui.edu/copyright/policy/terms-of-use/,http://www.byui.edu/disabilities/,http://www.byui.edu/legal,http://www.byui.edu/feedback/
http://www.byui.edu/admissions/,http://www.byui.edu/,http://www.byui.edu/feedback/
http://web.byui.edu/BulletinBoard2/
http://www.byui.edu/catalog/,http://www.byui.edu/,http://www.byui.edu/about/,http://www.byui.edu/about/academics/,http://www.byui.edu/about/student-life/,http://www.byui.edu/contact-us/,http://www.byui.edu/feedback/,http://www.byui.edu/,http://www.byui.edu/,http://www.byui.edu/students/,http://www.byui.edu/future-students/,http://www.byui.edu/parents/,http://www.byui.edu/employees/,http://www.byui.edu/alumni/,http://www.byui.edu/visitors/,http://www.byui.edu/directories/,http://www.byui.edu/ask/live-chat/,http://m.byui.edu/,https://web.byui.edu/services/login,http://www.byui.edu/student-honor-office/ces-honor-code,http://www.byui.edu/student-honor-office/ces-honor-code,http://www.byui.edu/students/,http://www.byui.edu/future-students/,http://www.byui.edu/parents/,http://www.byui.edu/employees/,http://www.byui.edu/alumni/,http://www.byui.edu/visitors/,http://www.byui.edu/directories/,http://www.byui.edu/ask/live-chat/,http://m.byui.edu/,https://web.byui.edu/services/login,http://www.byui.edu/directories/,http://www.byui.edu/ask/live-chat/,http://m.byui.edu/,https://web.byui.edu/services/login,http://www.byui.edu/directories/colleges-and-departments/,http://activities.byui.edu/,http://www.byui.edu/admissions/,http://web.byui.edu/BulletinBoard2/,http://www.byui.edu/catalog/,http://web.byui.edu/directory/student/schedule/,http://www.byui.edu/community-connections/,http://www.byui.edu/continuing-education/,http://www.byui.edu/devotionals/default.htm,http://www.byui.edu/employment/,http://www.byui.edu/financial-aid/,http://www.byui.edu/food-services/,http://www.byui.edu/giving/,http://www.byui.edu/housing/,https://ilearn.byui.edu/,http://www.lib.byui.edu/,http://www.byui.edu/online/,http://www.byui.edu/student-records/,http://activities.byui.edu/,http://www.byui.edu/webcameras/,http://www.byui.edu/student-honor-office/ecclesiastical-endorsement,http://www.byui.edu/registration/registration-schedule/,https://web.byui.edu/Services/Login/,http://www.byui.edu/catalog/,http://www.byui.edu/admissions/current-students/deferments-time-off/,https://www.byui.edu,http://calendar.byui.edu/,http://www.byui.edu/academic-discovery-center/,https://www.byui.edu,http://www.byui.edu/Disabilities/,http://www.byui.edu/help-desk/,http://www.byui.edu/international/,http://www.byui.edu/maps/,http://www.byui.edu/scheduling-office/,http://beta.byui.edu/academic-technology-services/student-technology-center/,https://web.byui.edu/services/login,http://web.byui.edu/directory/student/schedule/,https://web.byui.edu/services/login,http://owa.byui.edu/,http://www.byui.edu/financial-aid/,http://www.lib.byui.edu/,http://www.byui.edu/financial-aid/new-freshmen/scholarships/,https://web.byui.edu/services/login,https://ilearn.byui.edu/,http://web.byui.edu/PhysicalFacilities/LockerRentals/LockerRental.aspx,http://my.byui.edu/,http://www.byui.edu/online/,http://www.byui.edu/testing-services,https://www.byui.edu,http://www.byui.edu/academic-support-centers/,http://activities.byui.edu/,https://www.byui.edu,http://www.byui.edu/bulletinboard/,http://www.byui.edu/admissions/visit-campus/,http://web.byui.edu/BulletinBoard2/Rides.aspx,http://www.byui.edu/dean-of-students/,http://www.byui.edu/counseling-center/,http://www.byui.edu/devotionals/,http://www.byui.edu/event-management/,http://www.byui.edu/food-services/,http://www.byui.edu/health-center/,http://www.byui.edu/StudentHonor/,http://www.byui.edu/housing/,http://www.byui.edu/financial-services/my-account/i-card/,http://www.byui.edu/food-services/prices-and-plans/,http://www.byui.edu/ParkingServices/,http://www.byui.edu/security/,https://www.byui.edu,http://www.byui.edu/human-resources/seeking-employment/student-employment/,http://www.byui.edu/tickets/,http://www.byui.edu/copyright/policy/terms-of-use/,http://www.byui.edu/disabilities/,http://www.byui.edu/legal,http://www.byui.edu/feedback/
http://web.byui.edu/directory/student/schedule/,https://web.byui.edu/directory/student/schedule/
http://www.byui.edu/community-connections/,http://www.byui.edu/,http://www.byui.edu/feedback/,http://www.byui.edu/badger-creek,http://www.byui.edu/students/
http://www.byui.edu/continuing-education/,http://www.byui.edu/,http://www.byui.edu/feedback/,http://www.byui.edu/students/
http://www.byui.edu/devotionals/default.htm,http://www.byui.edu/Devotionals/Importance.htm,http://streaming.byui.edu/presentations/devoprep.wmv,http://www.byui.edu/Devotionals/etiquette.htm,https://www.byui.edu,http://www.byui.edu/Devotionals/notepage.pdf,http://www.byui.edu/DevotionalsandSpeeches/,http://web.byui.edu/devotionalsandspeeches/,http://www.byui.edu/President/default.htm,http://streaming.byui.edu/presentations/devoprep.wmv,http://stream.byui.edu/live/index.html,https://www.byui.edu,https://www.byui.edu,https://www.byui.edu,https://www.byui.edu,https://www.byui.edu,https://www.byui.edu,https://www.byui.edu,https://www.byui.edu,https://www.byui.edu,http://www.byui.edu/eventservices/ushering/default.htm
http://www.byui.edu/employment/,http://www.byui.edu/,http://www.byui.edu/about/,http://www.byui.edu/about/academics/,http://www.byui.edu/about/student-life/,http://www.byui.edu/contact-us/,http://www.byui.edu/feedback/,http://www.byui.edu/,http://www.byui.edu/,http://www.byui.edu/students/,http://www.byui.edu/future-students/,http://www.byui.edu/parents/,http://www.byui.edu/employees/,http://www.byui.edu/alumni/,http://www.byui.edu/visitors/,http://www.byui.edu/directories/,http://www.byui.edu/ask/live-chat/,http://m.byui.edu/,https://web.byui.edu/services/login,http://www.byui.edu/student-honor-office/ces-honor-code,http://www.byui.edu/student-honor-office/ces-honor-code,http://www.byui.edu/students/,http://www.byui.edu/future-students/,http://www.byui.edu/parents/,http://www.byui.edu/employees/,http://www.byui.edu/alumni/,http://www.byui.edu/visitors/,http://www.byui.edu/directories/,http://www.byui.edu/ask/live-chat/,http://m.byui.edu/,https://web.byui.edu/services/login,http://www.byui.edu/directories/,http://www.byui.edu/ask/live-chat/,http://m.byui.edu/,https://web.byui.edu/services/login,http://www.byui.edu/directories/colleges-and-departments/,http://activities.byui.edu/,http://www.byui.edu/admissions/,http://web.byui.edu/BulletinBoard2/,http://www.byui.edu/catalog/,http://web.byui.edu/directory/student/schedule/,http://www.byui.edu/community-connections/,http://www.byui.edu/continuing-education/,http://www.byui.edu/devotionals/default.htm,http://www.byui.edu/employment/,http://www.byui.edu/financial-aid/,http://www.byui.edu/food-services/,http://www.byui.edu/giving/,http://www.byui.edu/housing/,https://ilearn.byui.edu/,http://www.lib.byui.edu/,http://www.byui.edu/online/,http://www.byui.edu/student-records/,http://activities.byui.edu/,http://www.byui.edu/webcameras/,http://www.byui.edu/student-honor-office/ecclesiastical-endorsement,http://www.byui.edu/registration/registration-schedule/,https://web.byui.edu/Services/Login/,http://www.byui.edu/catalog/,http://www.byui.edu/admissions/current-students/deferments-time-off/,https://www.byui.edu,http://calendar.byui.edu/,http://www.byui.edu/academic-discovery-center/,https://www.byui.edu,http://www.byui.edu/Disabilities/,http://www.byui.edu/help-desk/,http://www.byui.edu/international/,http://www.byui.edu/maps/,http://www.byui.edu/scheduling-office/,http://beta.byui.edu/academic-technology-services/student-technology-center/,https://web.byui.edu/services/login,http://web.byui.edu/directory/student/schedule/,https://web.byui.edu/services/login,http://owa.byui.edu/,http://www.byui.edu/financial-aid/,http://www.lib.byui.edu/,http://www.byui.edu/financial-aid/new-freshmen/scholarships/,https://web.byui.edu/services/login,https://ilearn.byui.edu/,http://web.byui.edu/PhysicalFacilities/LockerRentals/LockerRental.aspx,http://my.byui.edu/,http://www.byui.edu/online/,http://www.byui.edu/testing-services,https://www.byui.edu,http://www.byui.edu/academic-support-centers/,http://activities.byui.edu/,https://www.byui.edu,http://www.byui.edu/bulletinboard/,http://www.byui.edu/admissions/visit-campus/,http://web.byui.edu/BulletinBoard2/Rides.aspx,http://www.byui.edu/dean-of-students/,http://www.byui.edu/counseling-center/,http://www.byui.edu/devotionals/,http://www.byui.edu/event-management/,http://www.byui.edu/food-services/,http://www.byui.edu/health-center/,http://www.byui.edu/StudentHonor/,http://www.byui.edu/housing/,http://www.byui.edu/financial-services/my-account/i-card/,http://www.byui.edu/food-services/prices-and-plans/,http://www.byui.edu/ParkingServices/,http://www.byui.edu/security/,https://www.byui.edu,http://www.byui.edu/human-resources/seeking-employment/student-employment/,http://www.byui.edu/tickets/,http://www.byui.edu/copyright/policy/terms-of-use/,http://www.byui.edu/disabilities/,http://www.byui.edu/legal,http://www.byui.edu/feedback/
http://www.byui.edu/financial-aid/,http://www.byui.edu/,http://www.byui.edu/feedback/,https://www.byui.edu,https://web.byui.edu/Scholarships/Application/Support/Login,https://www.byui.edu,https://web.byui.edu/Scholarships/Application/Support/Login,https://www.byui.edu
http://www.byui.edu/food-services/,http://www.byui.edu/,http://www.byui.edu/feedback/,https://www.byui.edu
http://www.byui.edu/giving/,http://www.byui.edu/,http://www.byui.edu/feedback/,https://www.byui.edu,https://www.byui.edu,https://www.byui.edu,https://www.byui.edu,https://www.byui.edu,https://www.byui.edu,https://www.byui.edu,https://www.byui.edu,https://donate.byui.edu/TNHO3ajmoEyyUA7Sb5uKkg/G/5ZgVo9Qd8EmHpj8ZRnFhzg,https://donate.byui.edu/TNHO3ajmoEyyUA7Sb5uKkg/G/5ZgVo9Qd8EmHpj8ZRnFhzg,http://www.byui.edu/students/
http://www.byui.edu/housing/,http://www.byui.edu/,http://www.byui.edu/about/,http://www.byui.edu/about/academics/,http://www.byui.edu/about/student-life/,http://www.byui.edu/contact-us/,http://www.byui.edu/feedback/,http://www.byui.edu/,http://www.byui.edu/,http://www.byui.edu/students/,http://www.byui.edu/future-students/,http://www.byui.edu/parents/,http://www.byui.edu/employees/,http://www.byui.edu/alumni/,http://www.byui.edu/visitors/,http://www.byui.edu/directories/,http://www.byui.edu/ask/live-chat/,http://m.byui.edu/,https://web.byui.edu/services/login,https://www.byui.edu,https://www.byui.edu,https://www.byui.edu,http://web.byui.edu/tis/search,http://www.byui.edu/students/,http://www.byui.edu/future-students/,http://www.byui.edu/parents/,http://www.byui.edu/employees/,http://www.byui.edu/alumni/,http://www.byui.edu/visitors/,http://www.byui.edu/directories/,http://www.byui.edu/ask/live-chat/,http://m.byui.edu/,https://web.byui.edu/services/login,http://www.byui.edu/directories/,http://www.byui.edu/ask/live-chat/,http://m.byui.edu/,https://web.byui.edu/services/login,http://www.byui.edu/directories/colleges-and-departments/,http://activities.byui.edu/,http://www.byui.edu/admissions/,http://web.byui.edu/BulletinBoard2/,http://www.byui.edu/catalog/,http://web.byui.edu/directory/student/schedule/,http://www.byui.edu/community-connections/,http://www.byui.edu/continuing-education/,http://www.byui.edu/devotionals/default.htm,http://www.byui.edu/employment/,http://www.byui.edu/financial-aid/,http://www.byui.edu/food-services/,http://www.byui.edu/giving/,http://www.byui.edu/housing/,https://ilearn.byui.edu/,http://www.lib.byui.edu/,http://www.byui.edu/online/,http://www.byui.edu/student-records/,http://activities.byui.edu/,http://www.byui.edu/webcameras/,http://www.byui.edu/student-honor-office/ecclesiastical-endorsement,http://www.byui.edu/registration/registration-schedule/,https://web.byui.edu/Services/Login/,http://www.byui.edu/catalog/,http://www.byui.edu/admissions/current-students/deferments-time-off/,https://www.byui.edu,http://calendar.byui.edu/,http://www.byui.edu/academic-discovery-center/,https://www.byui.edu,http://www.byui.edu/Disabilities/,http://www.byui.edu/help-desk/,http://www.byui.edu/international/,http://www.byui.edu/maps/,http://www.byui.edu/scheduling-office/,http://beta.byui.edu/academic-technology-services/student-technology-center/,https://web.byui.edu/services/login,http://web.byui.edu/directory/student/schedule/,https://web.byui.edu/services/login,http://owa.byui.edu/,http://www.byui.edu/financial-aid/,http://www.lib.byui.edu/,http://www.byui.edu/financial-aid/new-freshmen/scholarships/,https://web.byui.edu/services/login,https://ilearn.byui.edu/,http://web.byui.edu/PhysicalFacilities/LockerRentals/LockerRental.aspx,http://my.byui.edu/,http://www.byui.edu/online/,http://www.byui.edu/testing-services,https://www.byui.edu,http://www.byui.edu/academic-support-centers/,http://activities.byui.edu/,https://www.byui.edu,http://www.byui.edu/bulletinboard/,http://www.byui.edu/admissions/visit-campus/,http://web.byui.edu/BulletinBoard2/Rides.aspx,http://www.byui.edu/dean-of-students/,http://www.byui.edu/counseling-center/,http://www.byui.edu/devotionals/,http://www.byui.edu/event-management/,http://www.byui.edu/food-services/,http://www.byui.edu/health-center/,http://www.byui.edu/StudentHonor/,http://www.byui.edu/housing/,http://www.byui.edu/financial-services/my-account/i-card/,http://www.byui.edu/food-services/prices-and-plans/,http://www.byui.edu/ParkingServices/,http://www.byui.edu/security/,https://www.byui.edu,http://www.byui.edu/human-resources/seeking-employment/student-employment/,http://www.byui.edu/tickets/,http://www.byui.edu/copyright/policy/terms-of-use/,http://www.byui.edu/disabilities/,http://www.byui.edu/legal,http://www.byui.edu/feedback/
https://ilearn.byui.edu/,http://www.byui.edu/,http://www.byui.edu/about/,http://www.byui.edu/about/academics/,http://www.byui.edu/about/student-life/,http://www.byui.edu/contact-us/,http://www.byui.edu/,http://www.byui.edu/,http://www.byui.edu/students/,http://www.byui.edu/future-students/,http://www.byui.edu/parents/,http://www.byui.edu/employees/,http://www.byui.edu/alumni/,http://www.byui.edu/visitors/,http://www.byui.edu/directories/,http://www.byui.edu/ask/live-chat/,http://m.byui.edu/,https://web.byui.edu/services/login,https://web.byui.edu/Username/ChangePassword.aspx,https://web.byui.edu/Username/ForgotPassword.aspx,https://web.byui.edu/Username/CreateUsername.aspx,http://www.byui.edu/helpdesk,http://www.byui.edu/students/,http://www.byui.edu/future-students/,http://www.byui.edu/parents/,http://www.byui.edu/employees/,http://www.byui.edu/alumni/,http://www.byui.edu/visitors/,http://www.byui.edu/directories/,http://www.byui.edu/ask/live-chat/,http://m.byui.edu/,https://web.byui.edu/services/login,http://www.byui.edu/directories/,http://www.byui.edu/ask/live-chat/,http://m.byui.edu/,https://web.byui.edu/services/login,http://www.byui.edu/copyright/policy/terms-of-use/,http://www.byui.edu/disabilities/,http://www.byui.edu/feedback/
http://www.lib.byui.edu/,http://www.byui.edu,http://library.byui.edu,http://www.byui.edu/students/,http://beta.byui.edu/employees,https://www.byui.edu,http://www.byui.edu/prepare/,http://web.byui.edu/directory/employees/,http://web.byui.edu/directory/students/,http://beta.byui.edu/Directories/Colleges_and_Departments.html,http://beta.byui.edu/directories/administrative-offices,http://web.byui.edu/directory/orgchart.aspx,http://calendar.byui.edu/,http://www.byui.edu/about/facts,http://www.byui.edu/about/our-mission,http://www.byui.edu/about/student-life,http://beta.byui.edu/center-stage,http://www.byui.edu/admissions/visit-campus,http://www.byui.edu/university-services/food-services/news-and-events,http://library.byui.edu,http://beta.byui.edu/directories/site-index,http://www.lib.byui.edu/B_nlibInfo.htm,https://www.byui.edu,https://www.byui.edu,https://www.byui.edu,https://www.byui.edu,https://www.byui.edu,https://www.byui.edu,https://www.byui.edu,https://www.byui.edu,https://www.byui.edu,http://libguides.byui.edu/accounting201,http://libguides.byui.edu/agriculture,http://libguides.byui.edu/Architecture,http://libguides.byui.edu/Art,http://libguides.byui.edu/cars,http://libguides.byui.edu/biology,http://libguides.byui.edu/business,http://libguides.byui.edu/chemistry,http://libguides.byui.edu/communications
http://www.byui.edu/online/
http://www.byui.edu/student-records/
http://www.byui.edu/webcameras/
http://www.byui.edu/student-honor-office/ecclesiastical-endorsement
http://www.byui.edu/registration/registration-schedule/
https://web.byui.edu/Services/Login/
http://www.byui.edu/admissions/current-students/deferments-time-off/
http://www.byui.edu/academic-discovery-center/
http://www.byui.edu/Disabilities/
http://www.byui.edu/help-desk/
http://www.byui.edu/international/
http://www.byui.edu/maps/
http://www.byui.edu/scheduling-office/
http://beta.byui.edu/academic-technology-services/student-technology-center/
http://owa.byui.edu/
http://www.byui.edu/financial-aid/new-freshmen/scholarships/
http://web.byui.edu/PhysicalFacilities/LockerRentals/LockerRental.aspx
http://my.byui.edu/
http://www.byui.edu/testing-services
http://www.byui.edu/academic-support-centers/
http://www.byui.edu/bulletinboard/
http://www.byui.edu/admissions/visit-campus/
http://web.byui.edu/BulletinBoard2/Rides.aspx
http://www.byui.edu/dean-of-students/
http://www.byui.edu/counseling-center/
http://www.byui.edu/devotionals/
http://www.byui.edu/event-management/
http://www.byui.edu/health-center/
http://www.byui.edu/StudentHonor/
http://www.byui.edu/financial-services/my-account/i-card/
http://www.byui.edu/food-services/prices-and-plans/
http://www.byui.edu/ParkingServices/
http://www.byui.edu/security/
http://www.byui.edu/human-resources/seeking-employment/student-employment/
http://www.byui.edu/tickets/
http://www.byui.edu/copyright/policy/terms-of-use/
http://www.byui.edu/disabilities/
http://www.byui.edu/legal
http://www2.byui.edu/devotionals/
http://www.byui.edu/StudySkills/skills/preparation.htm
http://www.byui.edu/nursing
http://www.byui.edu/Admissions/
http://web.byui.edu/directory/employees/
http://www.byui.edu/helpdesk/
http://www.byui.edu/student-support/ask-byui
http://www2.byui.edu/IR/main.htm
http://www.byui.edu/universitycommunications/
https://dep.byui.edu/WardsAndStakes/UnitInfo/
http://www.byui.edu/AcademicOffice/
http://www.byui.edu/FinancialAid/
http://www.byui.edu/HR/
http://www.byui.edu/bursar/
http://www2.byui.edu/RegistrarsOffice/
http://www.byui.edu/President/
http://www.byui.edu/Tickets/
http://www.byui.edu/universityrelations/default.htm
http://beta.byui.edu/
http://beta.byui.edu
http://www.byui.edu/site-index/
https://my.byui.edu/
http://www.byui.edu/upward
http://www.byui.edu/transcripts/ordering-transcripts
http://www2.byui.edu/HonorOutreach/FA.pdf
https://video.byui.edu/media/BYU-Idaho+Alumni+ProfileA+Stuart+Draper/0_xnskhfi4/16379292
https://video.byui.edu/media/Made+Holy+in+the+Body/0_yhlj7gbd/16379282
http://beta.byui.edu/directories/colleges-and-departments/
http://beta.byui.edu/activities/
http://www.byui.edu/ce/
http://www.byui.edu/foodservices/
http://www.byui.edu/sle/default.htm
http://beta.byui.edu/housing/
https://my.byui.edu/ICS/
http://beta.byui.edu/online/
http://www.byui.edu/registrarsoffice/
http://www.byui.edu/StudentHonor/Continuing%20Endorsement.htm
http://www.byui.edu/registrarsoffice/RegSchedule.htm
https://secure.byui.edu/cas/login
http://www.byui.edu/catalog/2011-2012/default.htm
http://www.byui.edu/admissions/students/current/meddeferment.shtml
http://www.byui.edu/CareerServices/
http://www.byui.edu/eventservices/
http://www.byui.edu/stc/
http://www.byui.edu/graduation/apply.htm
https://my.byui.edu/ICS/Academics/Degree_Information.jnz
http://my.byui.edu/ics/
http://www.byui.edu/financialaid/fa/loans.htm
http://www.byui.edu/financialaid/scholarships/apply.htm
https://my.byui.edu/ICS/Academics/
http://testing.byui.edu/
http://beta.byui.edu/academic-support-centers/study-skills-tutoring-center/
http://www.byui.edu/visitcampus/
http://www.byui.edu/deanofstudents/
http://www.byui.edu/counselingcenter/
http://beta.byui.edu/health-center/
http://www.byui.edu/Bursar/I-CardPolicies.htm
http://www.byui.edu/foodservices/onlinepurchasing/diningdollars/diningdollars.htm
http://www.byui.edu/StudentEmployment/
http://www.byui.edu/student-honor-office/ces-honor-code
http://web.byui.edu/directory/students/
http://web.byui.edu/Directory/OrgChart
http://web.byui.edu/WardsAndStakes/UnitInfo
http://www2.byui.edu/Maps/
http://www.byui.edu/directories/colleges-and-departments
http://web.byui.edu/directory/
http://www.byui.edu/contact-us
http://www.byui.edu/feedback/mobile-tools/
http://www.byui.edu
http://www.byui.edu/directories
http://my.byui.edu
http://www.byui.edu/students
http://www.byui.edu/future-students
http://www.byui.edu/parents
http://www.byui.edu/employees
http://www.byui.edu/visitors
https://web.byui.edu/Username/ChangePassword.aspx
https://web.byui.edu/Username/ForgotPassword.aspx
https://web.byui.edu/Username/CreateUsername.aspx
http://www.byui.edu/helpdesk
http://www.byui.edu/upward/fall-2013
http://www.byui.edu/aboutbyui/
http://www.byui.edu/AboutBYUI/studyandfaith.htm
http://www.byui.edu/campuslife/
http://www.byui.edu/helpfulcontacts/
http://m.byui.edu
https://my.byui.edu
http://www.byui.edu/prepare
http://beta.byui.edu/parents
http://beta.byui.edu/employees
http://beta.byui.edu/vistors
http://www.byui.edu/student-records/academic-deadlines
http://tickets.byui.edu
http://www.byui.edu/scheduling-office
http://scheduling.byui.edu
http://beta.byui.edu/current-students
http://beta.byui.edu/visitors
http://www.byui.edu/agriculture-life-sciences
http://www.byui.edu/animal-food-science
http://www.byui.edu/biology/
http://www.byui.edu/health-recreation-human-performance
http://www.byui.edu/applied-plant-science/
http://www.byui.edu/nursing/
http://www.byui.edu/business-communication
http://www.byui.edu/accounting/
http://www.byui.edu/business-management
http://www.byui.edu/communication/
http://www.byui.edu/computer-information-technology
http://www.byui.edu/economics
http://www.byui.edu/education
http://www.byui.edu/home-family
http://www.byui.edu/psychology/
http://www.byui.edu/religious-education
http://www.byui.edu/sociology-social-work
http://www.byui.edu/teacher-education
http://www.byui.edu/language-letters
http://www.byui.edu/english/
http://www.byui.edu/languages-international-studies
http://www.byui.edu/history-geography-political-science
http://www.byui.edu/humanities-philosophy
http://www.byui.edu/physical-sciences-engineering
http://www.byui.edu/design-construction-management
http://www.byui.edu/chemistry/
http://www.byui.edu/computer-science-electrical-engineering
http://www.byui.edu/geology/
http://www.byui.edu/math/
http://www.byui.edu/mechanical-engineering
http://www.byui.edu/physics/
http://www.byui.edu/automotive-technology/
http://www.byui.edu/design-construction-management/interior-design
http://www.byui.edu/performing-visual-arts
http://www.byui.edu/art/
http://www.byui.edu/dance/
http://www.byui.edu/theatre/
http://www.byui.edu/music/
http://www.byui.edu/faculty-development
http://www.byui.edu/foundations-interdisciplinary-studies
http://calendar.byui.edu/MasterCalendar.aspx
http://www.byui.edu/activities/get-involved/newactivity
http://www.byui.edu/activities/get-involved
http://www.byui.edu/activities/contactus
http://www.byui.edu/activities/what
http://www.byui.edu/activities/how
https://web.byui.edu/directory/student/schedule/
http://www.byui.edu/badger-creek
http://www.byui.edu/Devotionals/Importance.htm
http://streaming.byui.edu/presentations/devoprep.wmv
http://www.byui.edu/Devotionals/etiquette.htm
http://www.byui.edu/Devotionals/notepage.pdf
http://www.byui.edu/DevotionalsandSpeeches/
http://web.byui.edu/devotionalsandspeeches/
http://www.byui.edu/President/default.htm
http://stream.byui.edu/live/index.html
http://www.byui.edu/eventservices/ushering/default.htm
https://web.byui.edu/Scholarships/Application/Support/Login
https://donate.byui.edu/TNHO3ajmoEyyUA7Sb5uKkg/G/5ZgVo9Qd8EmHpj8ZRnFhzg
http://web.byui.edu/tis/search
http://library.byui.edu
http://www.byui.edu/prepare/
http://beta.byui.edu/Directories/Colleges_and_Departments.html
http://beta.byui.edu/directories/administrative-offices
http://web.byui.edu/directory/orgchart.aspx
http://www.byui.edu/about/facts
http://www.byui.edu/about/our-mission
http://www.byui.edu/about/student-life
http://beta.byui.edu/center-stage
http://www.byui.edu/admissions/visit-campus
http://www.byui.edu/university-services/food-services/news-and-events
http://beta.byui.edu/directories/site-index
http://www.lib.byui.edu/B_nlibInfo.htm
http://libguides.byui.edu/accounting201
http://libguides.byui.edu/agriculture
http://libguides.byui.edu/Architecture
http://libguides.byui.edu/Art
http://libguides.byui.edu/cars
http://libguides.byui.edu/biology
http://libguides.byui.edu/business
http://libguides.byui.edu/chemistry
http://libguides.byui.edu/communications
